{
    "criteria": {
      "requirement": {
        "trigger": "minecraft:player_interacted_with_entity",
        "conditions": {
          "player": {
            "equipment": {
              "mainhand": {
                "items": [
                  "minecraft:writable_book"
                ]
              }
            },"flags": {"is_sneaking": false}
          },
          "entity": {
            "type": "minecraft:interaction",
            "nbt": "{Tags:[\"myquest.zprivate.add\"]}"
          }
        }
      }
    },
    "rewards": {
      "function": "myquest:zprivate/editor/buttons/add/book"
    }
  }
  