{
    "criteria": {
      "requirement": {
        "trigger": "minecraft:player_interacted_with_entity",
        "conditions": {
          "player": {
            "equipment": {
              "mainhand": {
                "items": [
                  "minecraft:globe_banner_pattern"
                ],
                "nbt": "{myquest:requirements}"
              }
            }
          },
          "entity": {
            "type": "minecraft:interaction",
            "nbt": "{Tags:[\"myquest.zprivate.add\"]}"
          }
        }
      }
    },
    "rewards": {
      "function": "myquest:zprivate/editor/buttons/add/requirements/requirements"
    }
  }
  