[
    {
      "function": "minecraft:set_lore",
      "entity": "this",
      "lore": [
        [
          {
            "text": "",
            "italic": false,
            "color":"white"
          },
          {
            "text": "Text: ",
            "color": "aqua",
            "bold": true,
            "italic": false
          },
          {
            "nbt": "root.output[0].text",
            "storage": "myquest:editor",
            "interpret": true
          }
        ],
        {
          "text": " "
        },
        {
          "text": "Commands:",
          "color": "aqua",
          "bold": true,
          "italic": false
        }
      ],
      "replace": false
    }
  ]
  