[
    {
      "function": "minecraft:set_lore",
      "entity": "this",
      "lore": [
        [
          {
            "text": "",
            "color": "white",
            "italic": false
          },
          {
            "score": {
              "name": "$elementno",
              "objective": "myquest.zprivate"
            },
            "color": "blue",
            "bold": true,
            "italic": false
          },
          {
            "text": ") ",
            "color": "blue",
            "bold": true,
            "italic": false
          },
          {"text":"Click Event: ","color":"light_purple","bold":true,"italic":false},
          {
            "nbt": "root.output[0].text",
            "storage": "myquest:editor",
            "interpret": true
          }
        ]
      ],
      "replace": false
    }
  ]
  