{
    "criteria": {
      "requirement": {
        "trigger": "minecraft:player_interacted_with_entity",
        "conditions": {
          "player": {
            "flags": {
              "is_sneaking": false
            }
          },
          "entity": {
            "type": "minecraft:interaction",
            "nbt": "{Tags:[\"myquest.zprivate.remove\"]}"
          }
        }
      }
    },
    "rewards": {
      "function": "myquest:zprivate/editor/buttons/remove"
    }
  }
  