{
    "criteria": {
      "requirement": {
        "trigger": "minecraft:player_interacted_with_entity",
        "conditions": {
          "player": [
            {
              "condition": "minecraft:inverted",
              "term": {
                "condition": "minecraft:entity_properties",
                "entity": "this",
                "predicate": {
                  "equipment": {
                    "mainhand": {
                      "items": [
                        "minecraft:debug_stick"
                      ],
                      "nbt": "{myquest:wand}"
                    }
                  }
                }
              }
            }
          ],
          "entity": {
            "type": "minecraft:interaction",
            "nbt": "{Tags:[\"myquest.zprivate.cycle\"]}"
          }
        }
      }
    },
    "rewards": {
      "function": "myquest:zprivate/editor/buttons/clickcycle"
    }
  }
  