[
  {
    "function": "minecraft:set_lore",
    "entity": "this",
    "lore": [
      [ {"text":"","italic":false,"bold":false},
        {
          "score": {
            "name": "$elementno",
            "objective": "myquest.zprivate"
          },
          "color": "green","bold":true
        },
        {
          "text": ") ",
          "color": "green","bold":true
        },
        {
          "text": "Command: ",
          "color": "aqua","bold":true
        },
        {
          "nbt": "root.output[0].command",
          "storage": "myquest:editor",
          "interpret": false,
          "color": "green"
        }
      ],
      [{"text":"","italic":false,"bold":false},
        {
          "text": "\u0020\u0020\u0020\u0020Value: ",
          "color": "aqua","bold":true
        },
        {
          "nbt": "root.output[0].value",
          "storage": "myquest:editor",
          "color": "gold"
        }
      ]
    ],
    "replace": false
  }
]