[
    {
      "function": "minecraft:set_lore",
      "entity": "this",
      "lore": [
        [{"text":"","italic":false,"bold":false},{
            "score": {
              "name": "$elementno",
              "objective": "myquest.zprivate"
            },
            "italic": false,
            "color": "green","bold":true
          },
          {
            "text": ") ",
            "color": "green",
            "italic": false,"bold":true
          },
          {
            "text": "Quest: ",
            "color": "aqua",
            "italic": false,"bold":true
          },
          {
            "nbt": "root.output[0].quest",
            "storage": "myquest:editor",
            "color": "green",
            "italic": false
          }
        ],
        [{"text":"","italic":false,"bold":false},
          {
            "text": "\u0020\u0020\u0020\u0020Progress: ",
            "color": "aqua",
            "italic": false,"bold":true
          },
          {
            "nbt": "root.output[0].progress",
            "storage": "myquest:editor",
            "color": "gold"
          }
        ]
      ],
      "replace": false
    }
  ]
  