[
    {
      "function": "minecraft:set_lore",
      "entity": "this",
      "lore": [
        {
          "text": "Quest: ",
          "color": "aqua",
          "bold": true,
          "italic": false,
          "extra": [
            {
              "nbt": "root.queststage.quest",
              "storage": "myquest:editor",
              "color": "white",
              "bold": false,
              "italic": false
            }
          ]
        },
        {
          "text": "Queststage: ",
          "color": "aqua",
          "bold": true,
          "italic": false,
          "extra": [
            {
              "nbt": "root.queststage.queststage",
              "storage": "myquest:editor",
              "color": "white",
              "bold": false,
              "italic": false
            }
          ]
        },{"text":""}
      ],
      "replace": false
    }
  ]
  