{
  "criteria": {
    "requirement": {
      "trigger": "minecraft:player_interacted_with_entity",
      "conditions": {
        "player": {
          "flags": {
            "is_sneaking": true
          }
        },
        "item": {
          "items": [
            "minecraft:command_block",
            "minecraft:chain_command_block",
            "minecraft:writable_book",
            "minecraft:oak_hanging_sign"
          ]
        },
        "entity": {
          "type": "minecraft:interaction",
          "nbt": "{Tags:[\"myquest.zprivate.add\"]}"
        }
      }
    }
  },
  "rewards": {
    "function": "myquest:zprivate/editor/buttons/add/menu/init"
  }
}
