[
    {
      "function": "minecraft:set_lore",
      "entity": "this",
      "lore": [
        {
          "text": "...and ",
          "color": "white",
          "italic": false,
          "bold":true,
          "extra": [
            {
              "score": {
                "name": "$extra",
                "objective": "myquest.zprivate"
              },
              "color": "white",
              "italic": false,
              "bold":true,
              "extra": [
                {
                  "text": " more element(s)",
                  "color": "white",
                  "italic": false,
                  "bold":true
                }
              ]
            }
          ]
        }
      ],
      "replace": false
    }
  ]
  