[
  {
    "function": "minecraft:set_lore",
    "entity": "this",
    "lore": [
      [
        {
          "score": {
            "name": "$elementno",
            "objective": "myquest.zprivate"
          },
          "color": "blue",
          "bold": true,
          "italic": false
        },
        {
          "text": ") ",
          "color": "blue",
          "bold": true,
          "italic": false
        },
        {
          "text": "Wait: ",
          "color": "yellow",
          "bold": true,
          "italic": false
        },
        {
          "nbt": "root.output[0].wait",
          "storage": "myquest:editor",
          "interpret": false,
          "color": "gold",
          "bold": false,
          "italic": false
        },
        {
          "text": " ticks",
          "color": "gold",
          "bold": false,
          "italic": false
        }
      ]
    ],
    "replace": false
  }
]