{
  "criteria": {
    "requirement": {
      "trigger": "minecraft:player_interacted_with_entity",
      "conditions": {
        "player": [
          {
            "condition": "minecraft:inverted",
            "term": {
              "condition": "minecraft:entity_properties",
              "entity": "this",
              "predicate": {
                "equipment": {
                  "mainhand": {
                    "items": [
                      "minecraft:debug_stick"
                    ],
                    "nbt": "{myquest:wand}"
                  }
                }
              }
            }
          },
          {
            "condition": "minecraft:inverted",
            "term": {
              "condition": "minecraft:entity_properties",
              "entity": "this",
              "predicate": {
                "equipment": {
                  "mainhand": {
                    "items": [
                      "minecraft:enchanted_book"
                    ],
                    "nbt": "{myquest:queststage}"
                  }
                }
              }
            }
          }
        ],
        "entity": {
          "type": "minecraft:interaction",
          "nbt": "{Tags:[\"myquest.npc\"]}"
        }
      }
    }
  },
  "rewards": {
    "function": "myquest:zprivate/reader/init"
  }
}