{
  "criteria": {
    "requirement": {
      "trigger": "minecraft:player_interacted_with_entity",
      "conditions": {
        "player": {
          "flags": {
            "is_sneaking": true
          }
        },
        "item": {
          "items": [
            "minecraft:debug_stick"
          ],
          "nbt": "{myquest:wand}"
        },
        "entity": {
          "type": "minecraft:interaction",
          "nbt": "{Tags:[\"myquest.npc\"]}"
        }
      }
    }
  },
  "rewards": {
    "function": "myquest:zprivate/npc/shortcut"
  }
}
