[
    {
      "function": "minecraft:set_lore",
      "entity": "this",
      "lore": [
        [ {"text":"","italic":false,"bold":false},
          {
            "score": {
              "name": "$elementno",
              "objective": "myquest.zprivate"
            },
            "color": "light_purple","bold":true
          },
          {
            "text": ") ",
            "color": "light_purple","bold":true
          },
          {
            "nbt": "root.output[0].commands[0]",
            "storage": "myquest:editor",
            "interpret": false,
            "color": "green"
          }
        ]
      ],
      "replace": false
    }
  ]