[
    {
        "function": "minecraft:set_lore",
        "entity": "this",
        "lore": [
            {
                "text": "Script: ",
                "color": "blue",
                "bold": true,
                "italic": false
            },
            {
                "score": {
                    "name": "$totaldialogue",
                    "objective": "myquest.zprivate"
                },
                "color": "white",
                "bold": false,
                "italic": false,
                "extra": [
                    {
                        "text": " Dialogue(s)",
                        "color": "aqua",
                        "bold": true,
                        "italic": false
                    }
                ]
            }
        ],
        "replace": false
    }
]