{
    "criteria": {
      "requirement": {
        "trigger": "minecraft:player_interacted_with_entity",
        "conditions": {
          "player": {
            "equipment": {
              "mainhand": {
                "items": [
                  "minecraft:debug_stick"
                ],"nbt": "{myquest:wand}"
              }
            }
          },
          "entity": {
            "type": "minecraft:interaction",
            "nbt": "{Tags:[\"myquest.zprivate.confirm\"]}"
          }
        }
      }
    },
    "rewards": {
      "function": "myquest:zprivate/editor/buttons/add/preview"
    }
  }
  